{
  "fragments/loginPopup.fragment.xml": 1716734341552,
  "controller/userView.controller.js": 1717416629266,
  "model/models.js": 1716130842998,
  "manifest.json": 1717487463928,
  "controller/loginView.controller.js": 1717477008169,
  "controller/baseController.js": 1717242525137,
  "controller/adminView.controller.js": 1717481704047,
  "controller/App.controller.js": 1716130843002,
  "Component.js": 1716130842990,
  "Component-preload.js": 1717487464408,
  "controller/userView-dbg.controller.js": 1717416629266,
  "model/models-dbg.js": 1716130842998,
  "controller/loginView-dbg.controller.js": 1717477008169,
  "controller/baseController-dbg.js": 1717242525137,
  "controller/adminView-dbg.controller.js": 1717481704047,
  "controller/App-dbg.controller.js": 1716130843002,
  "Component-dbg.js": 1716130842990,
  "view/userView.view.xml": 1717415487541,
  "view/loginView.view.xml": 1716987099578,
  "view/adminView.view.xml": 1717410625038,
  "view/App.view.xml": 1716130843006,
  "images/userEmily.jpg": 1716980646471,
  "images/user5.jpg": 1716980646471,
  "images/user4.jpg": 1716980646499,
  "images/user3.jpg": 1716980646471,
  "images/user2.jpg": 1716980646471,
  "images/user1.jpg": 1716980646471,
  "images/Sophia.jpg": 1717310740379,
  "images/Admin.jpg": 1716734341552,
  "fragments/updateBook.fragment.xml": 1716734341552,
  "i18n/i18n.properties": 1716734341552,
  "fragments/loanCreate.fragment.xml": 1717409398023,
  "fragments/issueBooks.fragment.xml": 1717387028394,
  "fragments/createBook.fragment.xml": 1717301748917,
  "fragments/confirmDelete.fragment.xml": 1716883871562,
  "fragments/Signup.fragment.xml": 1717407925352,
  "fragments/Reservations.fragment.xml": 1717310024982,
  "fragments/ActiveLoans.fragment.xml": 1717239528966,
  "css/style.css": 1717058313739,
  "index.html": 1716130842998
}