{
  "fragments/issueBooks.fragment.xml": 1717498625088,
  "model/models.js": 1716130842998,
  "manifest.json": 1717502127482,
  "controller/userView.controller.js": 1717498625076,
  "controller/loginView.controller.js": 1717498625076,
  "controller/baseController.js": 1717498625076,
  "controller/adminView.controller.js": 1717499418117,
  "controller/App.controller.js": 1716130843002,
  "Component.js": 1716130842990,
  "Component-preload.js": 1717502127945,
  "Component-dbg.js": 1716130842990,
  "controller/userView-dbg.controller.js": 1717498625076,
  "controller/loginView-dbg.controller.js": 1717498625076,
  "controller/baseController-dbg.js": 1717498625076,
  "controller/adminView-dbg.controller.js": 1717499418117,
  "controller/App-dbg.controller.js": 1716130843002,
  "model/models-dbg.js": 1716130842998,
  "view/userView.view.xml": 1717498625120,
  "view/loginView.view.xml": 1717498625120,
  "view/adminView.view.xml": 1717498625116,
  "view/App.view.xml": 1716130843006,
  "images/userEmily.jpg": 1717498625112,
  "images/user5.jpg": 1717498625112,
  "images/user4.jpg": 1717498625112,
  "images/user3.jpg": 1717498625108,
  "images/user2.jpg": 1717498625104,
  "images/user1.jpg": 1717498625100,
  "images/Sophia.jpg": 1717498625100,
  "images/Admin.jpg": 1717498625096,
  "fragments/updateBook.fragment.xml": 1717498625096,
  "fragments/loginPopup.fragment.xml": 1717498625092,
  "fragments/loanCreate.fragment.xml": 1717498625092,
  "i18n/i18n.properties": 1717498625096,
  "fragments/createBook.fragment.xml": 1717498625088,
  "fragments/confirmDelete.fragment.xml": 1717498625084,
  "fragments/Signup.fragment.xml": 1717498625084,
  "fragments/Reservations.fragment.xml": 1717498625084,
  "fragments/ActiveLoans.fragment.xml": 1717498625080,
  "css/style.css": 1717498625080,
  "index.html": 1716130842998
}