<core:FragmentDefinition
    xmlns:core="sap.ui.core"
    xmlns:form="sap.ui.layout.form"
    xmlns:upload="sap.m.upload"
    xmlns="sap.m"
>
    <Dialog
        id="idSignUpDialog"
        resizable="true"
        draggable="true"
        contentWidth="50%"
        contentHeight="30%"
        title="Create Account"
    >
        <beginButton>
            <Button
                id="idSignUpButton"
                text="Create"
                press="onCreateAccount"
                type="Success"
            />
        </beginButton>
        <endButton>
            <Button
                id="idSignUpCancelButton"
                text="Close"
                press="onSignUpCancel"
                type="Reject"
            />
        </endButton>
        <content>
            <form:SimpleForm
                id="idSignUpDetailsForm"
                editable="true"
                layout="ResponsiveGridLayout"
                labelSpanXL="3"
                labelSpanL="3"
                labelSpanM="3"
                labelSpanS="12"
                adjustLabelSpan="false"
                emptySpanXL="4"
                emptySpanL="4"
                emptySpanM="4"
                emptySpanS="0"
                columnsXL="1"
                columnsL="1"
                columnsM="1"
                singleContainerFullSize="false"
            >
                <Label
                    id="idSignUpUserNameLabel"
                    text="User Name"
                />
                <Input
                    id="idSignUpUserName"
                    value="{oNewUserRegister>/userName}"
                    required="true"
                />
                <Label
                    id="idSignUpUserIdLabel"
                    text="User ID"
                />
                <Input
                    id="idSignUpUserIdVal"
                    value="{oNewUserRegister>/userid}"
                    required="true"
                />
                <Label
                    id="idSignUpUserPasswordlabel"
                    text="Password"
                />
                <Input
                    id="idSignUpUserPassword"
                    value="{oNewUserRegister>/userpassword}"
                    type="Password"
                    required="true"
                />
                <Label
                    id="idSignUpUserConfirmPasswordlabel"
                    text="Confirm Password"
                />
                <Input
                    id="idSignUpUserConfirmPasswordval"
                    type="Password"
                    value=""
                    required="true"
                />
                <!-- <upload:UploadSet
				id="UploadSet"
				instantUpload="true"
				showIcons="true"
				uploadEnabled="true"
				terminationEnabled="true"
				fileTypes="txt,doc,png"
				maxFileNameLength="30"
				maxFileSize="200"
				mediaTypes="text/plain,application/msword,image/png"
				uploadUrl="../../../../upload"
				items="{path: '/items', templateShareable: false}"
				mode="MultiSelect"
				selectionChanged="onSelectionChange">
			<upload:toolbar>
				<OverflowToolbar>
					<ToolbarSpacer/>
					
					<upload:UploadSetToolbarPlaceholder />
				</OverflowToolbar>
			</upload:toolbar>
			<upload:items>
				<upload:UploadSetItem
						fileName="{fileName}"
						mediaType="{mediaType}"
						url="{url}"
						thumbnailUrl="{thumbnailUrl}"
						markers="{path: 'markers', templateShareable: false}"
						statuses="{path: 'statuses', templateShareable: false}"
						uploadState="{uploadState}">
					<upload:markers>
						<ObjectMarker
								type="{type}"
								visibility="{visibility}"/>
					</upload:markers>
					<upload:statuses>
						<ObjectStatus
								title="{title}"
								text="{text}"
								state="{state}"
								icon="{icon}"
								active="{active}"/>
					</upload:statuses>
				</upload:UploadSetItem>
			</upload:items>
		</upload:UploadSet> -->
            </form:SimpleForm>
        </content>
    </Dialog>
</core:FragmentDefinition>
