{
  "images/user5.jpg": 1718209534515,
  "manifest.json": 1718701639333,
  "model/models.js": 1718209534515,
  "controller/userView.controller.js": 1718367512697,
  "controller/loginView.controller.js": 1718254421062,
  "controller/baseController.js": 1718209534511,
  "controller/adminView.controller.js": 1718359910997,
  "controller/App.controller.js": 1718209534511,
  "Component.js": 1718209534511,
  "Component-preload.js": 1718701639870,
  "controller/App-dbg.controller.js": 1718209534511,
  "controller/userView-dbg.controller.js": 1718367512697,
  "controller/loginView-dbg.controller.js": 1718254421062,
  "controller/baseController-dbg.js": 1718209534511,
  "controller/adminView-dbg.controller.js": 1718359910997,
  "model/models-dbg.js": 1718209534515,
  "Component-dbg.js": 1718209534511,
  "view/userView.view.xml": 1718367579355,
  "view/loginView.view.xml": 1718209534515,
  "view/adminView.view.xml": 1718209534515,
  "view/App.view.xml": 1718209534515,
  "images/userEmily.jpg": 1718209534515,
  "i18n/i18n.properties": 1718209534511,
  "images/user4.jpg": 1718209534515,
  "images/user3.jpg": 1718209534515,
  "images/user2.jpg": 1718209534511,
  "images/user1.jpg": 1718209534511,
  "images/Sophia.jpg": 1718209534511,
  "images/Admin.jpg": 1718209534511,
  "css/style.css": 1718209534511,
  "fragments/updateBook.fragment.xml": 1718209534511,
  "fragments/loginPopup.fragment.xml": 1718209534511,
  "fragments/loanCreate.fragment.xml": 1718255429944,
  "fragments/issueBooks.fragment.xml": 1718209534511,
  "fragments/createBook.fragment.xml": 1718259261757,
  "fragments/confirmDeleteBook.fragment.xml": 1718252432766,
  "fragments/confirmDelete.fragment.xml": 1718209534511,
  "fragments/Signup.fragment.xml": 1718209534511,
  "fragments/Reservations.fragment.xml": 1718209534511,
  "fragments/ActiveLoans.fragment.xml": 1718209534511,
  "index.html": 1718209534515
}